Keyword,Category / Theme,Search Intent,Est. Monthly Search Vol (Bhopal & MP),Keyword Difficulty (KD %),Target URL on SubziQuick,Target Page Title / Meta Hook,Priority
online vegetable delivery bhopal,Hyperlocal Produce,Commercial / Transactional,"2,400",18 (Low),https://subziquick.in/,Fresh Vegetables Delivery in Bhopal | Farm Direct 15-Mins,P0 (Immediate)
fresh vegetables online bhopal,Hyperlocal Produce,Commercial,"1,800",15 (Low),https://subziquick.in/shop,Buy Fresh Vegetables Online Bhopal | handpicked fresh,P0 (Immediate)
online sabzi delivery bhopal,Vernacular Produce,Transactional,"1,500",12 (Very Low),https://subziquick.in/,Online Sabzi Delivery Bhopal | Taza Sabzi 15 Minute Me,P0 (Immediate)
vegetable delivery near me bhopal,Near Me / Local,Transactional,"3,200",22 (Low),https://subziquick.in/,Fresh Vegetable Delivery Near Me Bhopal | SubziQuick,P0 (Immediate)
fresh fruits online bhopal,Fruits Delivery,Transactional,"1,200",16 (Low),https://subziquick.in/shop,Order Fresh Seasonal Fruits Online Bhopal | Best Prices,P1 (High)
organic vegetables bhopal,Health / Organic,Informational / Commercial,950,25 (Medium),https://subziquick.in/shop,Chemical-Free & naturally clean Vegetables Bhopal,P1 (High)
exotic vegetables bhopal,Exotics & Gourmet,Commercial,650,14 (Low),https://subziquick.in/shop,"Buy Broccoli, Bell Peppers, Mushroom Bhopal",P1 (High)
vegetable delivery bagsewaniya bhopal,Locality Specific,Transactional,480,8 (Very Easy),https://subziquick.in/,Fresh Sabzi Delivery in Bagsewaniya & Amrai Bhopal,P0 (Immediate)
online grocery arera colony bhopal,Locality Specific,Transactional,850,20 (Low),https://subziquick.in/,Instant Vegetable & Grocery Delivery Arera Colony Bhopal,P0 (Immediate)
fresh vegetables kolar road bhopal,Locality Specific,Transactional,720,16 (Low),https://subziquick.in/,Fresh Farm Vegetables Delivery Kolar Road Bhopal,P0 (Immediate)
vegetables delivery mp nagar bhopal,Locality Specific,Transactional,600,18 (Low),https://subziquick.in/,Fast Fresh Produce Delivery MP Nagar Bhopal,P1 (High)
grocery delivery katara hills bhopal,Locality Specific,Transactional,450,10 (Very Easy),https://subziquick.in/,Online Vegetable & Daily Essentials Katara Hills Bhopal,P1 (High)
vegetable home delivery hoshangabad road,Locality Specific,Transactional,550,12 (Very Easy),https://subziquick.in/,Fresh Produce Home Delivery Hoshangabad Road Bhopal,P1 (High)
online sabzi delivery indrapuri bhopal,Locality Specific,Transactional,380,9 (Very Easy),https://subziquick.in/,Taza Sabzi Delivery Indrapuri & BHEL Bhopal,P1 (High)
vegetable delivery saket nagar bhopal,Locality Specific,Transactional,420,11 (Very Easy),https://subziquick.in/,Fresh Farm Vegetables Saket Nagar & AIIMS Bhopal,P1 (High)
buy fresh tomato online bhopal,Product Specific,Transactional,500,10 (Very Easy),https://subziquick.in/product/fresh-tomato,Buy Fresh Red Tomatoes Online Bhopal @ Best Rate,P1 (High)
desi potato aloo online bhopal,Product Specific,Transactional,450,8 (Very Easy),https://subziquick.in/product/fresh-potato,Fresh Potatoes (Aloo) Delivery Bhopal,P1 (High)
fresh onion pyaz online bhopal,Product Specific,Transactional,420,9 (Very Easy),https://subziquick.in/product/fresh-onion,Grade-A Fresh Onions Delivery Bhopal,P1 (High)
green coriander dhaniya bhopal,Product Specific,Transactional,320,7 (Very Easy),https://subziquick.in/product/fresh-coriander,Taza Hara Dhaniya (Coriander) Online Bhopal,P1 (High)
fresh green chilli mirchi bhopal,Product Specific,Transactional,280,6 (Very Easy),https://subziquick.in/product/green-chilli,Spicy Fresh Green Chilli Delivery Bhopal,P1 (High)
zero platform fee grocery delivery bhopal,USP / Offer,Commercial,350,5 (Very Easy),https://subziquick.in/,Zero Platform Fee Grocery & Vegetable Delivery Bhopal,P0 (Immediate)
handpicked fresh vegetables bhopal,Health / Safety,Informational / Commercial,250,4 (Very Easy),https://subziquick.in/,99.9% Chemical & Pesticide Free handpicked fresh Veggies,P1 (High)
15 minute grocery delivery bhopal,Quick Commerce,Transactional,"1,600",24 (Medium),https://subziquick.in/,Sub-15 Minute Hyperlocal Vegetable Delivery Bhopal,P0 (Immediate)
