Phase / Timeline,Core Focus,Deliverables & Tasks,Responsible Owner,Expected Result / KPI
Phase 1: Week 1 - 2,Foundation & Indexing Acceleration,"1. Submit sitemap.xml to Search Console
2. Request manual URL inspection for Top 10 URLs
3. Setup & verify Google Business Profile (GBP)
4. Verify all schema tags via Google Rich Results Tool",SEO Lead & Dev Team,Google indexes homepage and top 50 product URLs; GBP goes live on Google Maps
Phase 2: Week 3 - 4,Local Authority & Reviews,"1. Build 10 local citations (JustDial, Sulekha, Bhopal YellowPages)
2. Run WhatsApp review campaign to get first 20 reviews on Google Maps
3. Add 5 localized FAQ schema questions to homepage
4. Internal link audit across product categories",Operations & SEO,"Appearance in Bhopal Local 3-Pack for ""vegetables near me"""
Phase 3: Month 2 (Week 5 - 8),Content Expansion & Colony Pages,"1. Create dedicated colony landing content for Arera Colony, Kolar, Bagsewaniya
2. Launch seasonal fruit category pages (Mangoes, Watermelon, etc.)
3. Monitor Google Search Console impressions and click-through rates (CTR)
4. Optimize title tags with highest CTR intent keywords",Content & SEO,"5,000+ monthly Google organic impressions; ranking in top 10 for 15+ keywords"
Phase 4: Month 3 (Week 9 - 12),Market Leadership & Competitor Conquest,"1. Double down on ""zero platform fee"" and ""handpicked fresh"" USP searches
2. Target long-tail questions (""where to buy organic vegetables in Bhopal"")
3. Build high quality backlinks from Bhopal food & lifestyle blogs/press
4. CRO audit to increase visitor-to-order conversion rate",Marketing & Growth,"15,000+ monthly visits; Top 3 Google organic ranking for primary Bhopal produce queries"
