name,category,price,unit,stock,image,description,sourcing,storage,variations
"Taro leaves (अरबी के पत्ते)","Vegetables",160,"1 kg",80,"https://images.unsplash.com/photo-1540420773420-3366772f4999?auto=format&fit=crop&w=600&q=80","100% farm-fresh Taro leaves (अरबी के पत्ते) sourced daily from trusted local Bhopal & MP farmers. Graded for premium quality, crisp texture, and natural freshness.","Direct from Bhopal Krishi Mandi & local organic growers (Raisen / Sehore / Hoshangabad)","Keep in a cool, well-ventilated space or refrigerate. Wash thoroughly with clean water before use.","[{""weight"":""250g"",""price"":45,""stock"":40},{""weight"":""500g"",""price"":83,""stock"":50},{""weight"":""1 kg"",""price"":160,""stock"":60},{""weight"":""2 kg"",""price"":312,""stock"":30}]"
"Potato (आलू )","Vegetables",28,"1 kg",80,"https://images.unsplash.com/photo-1518977676601-b53f82aba655?auto=format&fit=crop&w=600&q=80","100% farm-fresh Potato (आलू ) sourced daily from trusted local Bhopal & MP farmers. Graded for premium quality, crisp texture, and natural freshness.","Direct from Bhopal Krishi Mandi & local organic growers (Raisen / Sehore / Hoshangabad)","Keep in a cool, well-ventilated space or refrigerate. Wash thoroughly with clean water before use.","[{""weight"":""250g"",""price"":8,""stock"":40},{""weight"":""500g"",""price"":15,""stock"":50},{""weight"":""1 kg"",""price"":28,""stock"":60},{""weight"":""2 kg"",""price"":55,""stock"":30}]"
"Desi Tomato (देसी टमाटर)","Vegetables",48,"1 kg",80,"https://images.unsplash.com/photo-1546470427-e26264be0b11?auto=format&fit=crop&w=600&q=80","100% farm-fresh Desi Tomato (देसी टमाटर) sourced daily from trusted local Bhopal & MP farmers. Graded for premium quality, crisp texture, and natural freshness.","Direct from Bhopal Krishi Mandi & local organic growers (Raisen / Sehore / Hoshangabad)","Keep in a cool, well-ventilated space or refrigerate. Wash thoroughly with clean water before use.","[{""weight"":""250g"",""price"":13,""stock"":40},{""weight"":""500g"",""price"":25,""stock"":50},{""weight"":""1 kg"",""price"":48,""stock"":60},{""weight"":""2 kg"",""price"":94,""stock"":30}]"
"Onion (प्याज )","Vegetables",55,"1 kg",80,"https://images.unsplash.com/photo-1618512496248-a07fe83aa8cb?auto=format&fit=crop&w=600&q=80","100% farm-fresh Onion (प्याज ) sourced daily from trusted local Bhopal & MP farmers. Graded for premium quality, crisp texture, and natural freshness.","Direct from Bhopal Krishi Mandi & local organic growers (Raisen / Sehore / Hoshangabad)","Keep in a cool, well-ventilated space or refrigerate. Wash thoroughly with clean water before use.","[{""weight"":""250g"",""price"":15,""stock"":40},{""weight"":""500g"",""price"":29,""stock"":50},{""weight"":""1 kg"",""price"":55,""stock"":60},{""weight"":""2 kg"",""price"":107,""stock"":30}]"
"Ginger (अदरक )","Vegetables",246,"1 kg",80,"https://images.unsplash.com/photo-1615485290382-441e4d049cb5?auto=format&fit=crop&w=600&q=80","100% farm-fresh Ginger (अदरक ) sourced daily from trusted local Bhopal & MP farmers. Graded for premium quality, crisp texture, and natural freshness.","Direct from Bhopal Krishi Mandi & local organic growers (Raisen / Sehore / Hoshangabad)","Keep in a cool, well-ventilated space or refrigerate. Wash thoroughly with clean water before use.","[{""weight"":""250g"",""price"":69,""stock"":40},{""weight"":""500g"",""price"":128,""stock"":50},{""weight"":""1 kg"",""price"":246,""stock"":60},{""weight"":""2 kg"",""price"":480,""stock"":30}]"
"Ash gourd (सफेद कद्दू)","Vegetables",96,"1 kg",80,"https://images.unsplash.com/photo-1540420773420-3366772f4999?auto=format&fit=crop&w=600&q=80","100% farm-fresh Ash gourd (सफेद कद्दू) sourced daily from trusted local Bhopal & MP farmers. Graded for premium quality, crisp texture, and natural freshness.","Direct from Bhopal Krishi Mandi & local organic growers (Raisen / Sehore / Hoshangabad)","Keep in a cool, well-ventilated space or refrigerate. Wash thoroughly with clean water before use.","[{""weight"":""250g"",""price"":27,""stock"":40},{""weight"":""500g"",""price"":50,""stock"":50},{""weight"":""1 kg"",""price"":96,""stock"":60},{""weight"":""2 kg"",""price"":187,""stock"":30}]"
"Medium Size Garlic (लहसुन मीडियम साइज )","Vegetables",230,"1 kg",80,"https://images.unsplash.com/photo-1540148426945-6cf22a6b2383?auto=format&fit=crop&w=600&q=80","100% farm-fresh Medium Size Garlic (लहसुन मीडियम साइज ) sourced daily from trusted local Bhopal & MP farmers. Graded for premium quality, crisp texture, and natural freshness.","Direct from Bhopal Krishi Mandi & local organic growers (Raisen / Sehore / Hoshangabad)","Keep in a cool, well-ventilated space or refrigerate. Wash thoroughly with clean water before use.","[{""weight"":""250g"",""price"":64,""stock"":40},{""weight"":""500g"",""price"":120,""stock"":50},{""weight"":""1 kg"",""price"":230,""stock"":60},{""weight"":""2 kg"",""price"":449,""stock"":30}]"
"Peeled garlic (चिला हुआ लहसुन)","Vegetables",190,"1 kg",80,"https://images.unsplash.com/photo-1540148426945-6cf22a6b2383?auto=format&fit=crop&w=600&q=80","100% farm-fresh Peeled garlic (चिला हुआ लहसुन) sourced daily from trusted local Bhopal & MP farmers. Graded for premium quality, crisp texture, and natural freshness.","Direct from Bhopal Krishi Mandi & local organic growers (Raisen / Sehore / Hoshangabad)","Keep in a cool, well-ventilated space or refrigerate. Wash thoroughly with clean water before use.","[{""weight"":""250g"",""price"":53,""stock"":40},{""weight"":""500g"",""price"":99,""stock"":50},{""weight"":""1 kg"",""price"":190,""stock"":60},{""weight"":""2 kg"",""price"":371,""stock"":30}]"
"Big Size Garlic ( लहसुन बिग साइज )","Vegetables",280,"1 kg",80,"https://images.unsplash.com/photo-1540148426945-6cf22a6b2383?auto=format&fit=crop&w=600&q=80","100% farm-fresh Big Size Garlic ( लहसुन बिग साइज ) sourced daily from trusted local Bhopal & MP farmers. Graded for premium quality, crisp texture, and natural freshness.","Direct from Bhopal Krishi Mandi & local organic growers (Raisen / Sehore / Hoshangabad)","Keep in a cool, well-ventilated space or refrigerate. Wash thoroughly with clean water before use.","[{""weight"":""250g"",""price"":78,""stock"":40},{""weight"":""500g"",""price"":146,""stock"":50},{""weight"":""1 kg"",""price"":280,""stock"":60},{""weight"":""2 kg"",""price"":546,""stock"":30}]"
"Green Chili - teekhi (हरी मिर्च - तीखी)","Vegetables",99,"1 kg",80,"https://images.unsplash.com/photo-1540420773420-3366772f4999?auto=format&fit=crop&w=600&q=80","100% farm-fresh Green Chili - teekhi (हरी मिर्च - तीखी) sourced daily from trusted local Bhopal & MP farmers. Graded for premium quality, crisp texture, and natural freshness.","Direct from Bhopal Krishi Mandi & local organic growers (Raisen / Sehore / Hoshangabad)","Keep in a cool, well-ventilated space or refrigerate. Wash thoroughly with clean water before use.","[{""weight"":""250g"",""price"":28,""stock"":40},{""weight"":""500g"",""price"":51,""stock"":50},{""weight"":""1 kg"",""price"":99,""stock"":60},{""weight"":""2 kg"",""price"":193,""stock"":30}]"
"Green Chili-Feeki (हरी मिर्च - फीकी)","Vegetables",99,"1 kg",80,"https://images.unsplash.com/photo-1540420773420-3366772f4999?auto=format&fit=crop&w=600&q=80","100% farm-fresh Green Chili-Feeki (हरी मिर्च - फीकी) sourced daily from trusted local Bhopal & MP farmers. Graded for premium quality, crisp texture, and natural freshness.","Direct from Bhopal Krishi Mandi & local organic growers (Raisen / Sehore / Hoshangabad)","Keep in a cool, well-ventilated space or refrigerate. Wash thoroughly with clean water before use.","[{""weight"":""250g"",""price"":28,""stock"":40},{""weight"":""500g"",""price"":51,""stock"":50},{""weight"":""1 kg"",""price"":99,""stock"":60},{""weight"":""2 kg"",""price"":193,""stock"":30}]"
"Coriander leaves (धनिया पत्ती)","Vegetables",99,"1 kg",80,"https://images.unsplash.com/photo-1588879462716-59a60714b18c?auto=format&fit=crop&w=600&q=80","100% farm-fresh Coriander leaves (धनिया पत्ती) sourced daily from trusted local Bhopal & MP farmers. Graded for premium quality, crisp texture, and natural freshness.","Direct from Bhopal Krishi Mandi & local organic growers (Raisen / Sehore / Hoshangabad)","Keep in a cool, well-ventilated space or refrigerate. Wash thoroughly with clean water before use.","[{""weight"":""250g"",""price"":28,""stock"":40},{""weight"":""500g"",""price"":51,""stock"":50},{""weight"":""1 kg"",""price"":99,""stock"":60},{""weight"":""2 kg"",""price"":193,""stock"":30}]"
"Capsicum ( शिमला मिर्च)","Vegetables",98,"1 kg",80,"https://images.unsplash.com/photo-1563565375-f3fdfdbefa83?auto=format&fit=crop&w=600&q=80","100% farm-fresh Capsicum ( शिमला मिर्च) sourced daily from trusted local Bhopal & MP farmers. Graded for premium quality, crisp texture, and natural freshness.","Direct from Bhopal Krishi Mandi & local organic growers (Raisen / Sehore / Hoshangabad)","Keep in a cool, well-ventilated space or refrigerate. Wash thoroughly with clean water before use.","[{""weight"":""250g"",""price"":27,""stock"":40},{""weight"":""500g"",""price"":51,""stock"":50},{""weight"":""1 kg"",""price"":98,""stock"":60},{""weight"":""2 kg"",""price"":191,""stock"":30}]"
"Salad Carrot (सलाद गाजर)","Vegetables",68,"1 kg",80,"https://images.unsplash.com/photo-1598170845058-32b9d6a5c317?auto=format&fit=crop&w=600&q=80","100% farm-fresh Salad Carrot (सलाद गाजर) sourced daily from trusted local Bhopal & MP farmers. Graded for premium quality, crisp texture, and natural freshness.","Direct from Bhopal Krishi Mandi & local organic growers (Raisen / Sehore / Hoshangabad)","Keep in a cool, well-ventilated space or refrigerate. Wash thoroughly with clean water before use.","[{""weight"":""250g"",""price"":19,""stock"":40},{""weight"":""500g"",""price"":35,""stock"":50},{""weight"":""1 kg"",""price"":68,""stock"":60},{""weight"":""2 kg"",""price"":133,""stock"":30}]"
"Cauliflower (फूल गोभी)","Vegetables",98,"1 kg",80,"https://images.unsplash.com/photo-1568584711075-3d021a7c3ca3?auto=format&fit=crop&w=600&q=80","100% farm-fresh Cauliflower (फूल गोभी) sourced daily from trusted local Bhopal & MP farmers. Graded for premium quality, crisp texture, and natural freshness.","Direct from Bhopal Krishi Mandi & local organic growers (Raisen / Sehore / Hoshangabad)","Keep in a cool, well-ventilated space or refrigerate. Wash thoroughly with clean water before use.","[{""weight"":""250g"",""price"":27,""stock"":40},{""weight"":""500g"",""price"":51,""stock"":50},{""weight"":""1 kg"",""price"":98,""stock"":60},{""weight"":""2 kg"",""price"":191,""stock"":30}]"
"Cabbage (पत्ता गोभी)","Vegetables",64,"1 kg",80,"https://images.unsplash.com/photo-1611105637996-0352c38d41e7?auto=format&fit=crop&w=600&q=80","100% farm-fresh Cabbage (पत्ता गोभी) sourced daily from trusted local Bhopal & MP farmers. Graded for premium quality, crisp texture, and natural freshness.","Direct from Bhopal Krishi Mandi & local organic growers (Raisen / Sehore / Hoshangabad)","Keep in a cool, well-ventilated space or refrigerate. Wash thoroughly with clean water before use.","[{""weight"":""250g"",""price"":18,""stock"":40},{""weight"":""500g"",""price"":33,""stock"":50},{""weight"":""1 kg"",""price"":64,""stock"":60},{""weight"":""2 kg"",""price"":125,""stock"":30}]"
"Bottle gouard (लौकी )","Vegetables",58,"1 kg",80,"https://images.unsplash.com/photo-1540420773420-3366772f4999?auto=format&fit=crop&w=600&q=80","100% farm-fresh Bottle gouard (लौकी ) sourced daily from trusted local Bhopal & MP farmers. Graded for premium quality, crisp texture, and natural freshness.","Direct from Bhopal Krishi Mandi & local organic growers (Raisen / Sehore / Hoshangabad)","Keep in a cool, well-ventilated space or refrigerate. Wash thoroughly with clean water before use.","[{""weight"":""250g"",""price"":16,""stock"":40},{""weight"":""500g"",""price"":30,""stock"":50},{""weight"":""1 kg"",""price"":58,""stock"":60},{""weight"":""2 kg"",""price"":113,""stock"":30}]"
"Gilki (गिलकी )","Vegetables",88,"1 kg",80,"https://images.unsplash.com/photo-1540420773420-3366772f4999?auto=format&fit=crop&w=600&q=80","100% farm-fresh Gilki (गिलकी ) sourced daily from trusted local Bhopal & MP farmers. Graded for premium quality, crisp texture, and natural freshness.","Direct from Bhopal Krishi Mandi & local organic growers (Raisen / Sehore / Hoshangabad)","Keep in a cool, well-ventilated space or refrigerate. Wash thoroughly with clean water before use.","[{""weight"":""250g"",""price"":25,""stock"":40},{""weight"":""500g"",""price"":46,""stock"":50},{""weight"":""1 kg"",""price"":88,""stock"":60},{""weight"":""2 kg"",""price"":172,""stock"":30}]"
"Black Bringle Small (काले बैगन)","Vegetables",54,"1 kg",80,"https://images.unsplash.com/photo-1540420773420-3366772f4999?auto=format&fit=crop&w=600&q=80","100% farm-fresh Black Bringle Small (काले बैगन) sourced daily from trusted local Bhopal & MP farmers. Graded for premium quality, crisp texture, and natural freshness.","Direct from Bhopal Krishi Mandi & local organic growers (Raisen / Sehore / Hoshangabad)","Keep in a cool, well-ventilated space or refrigerate. Wash thoroughly with clean water before use.","[{""weight"":""250g"",""price"":15,""stock"":40},{""weight"":""500g"",""price"":28,""stock"":50},{""weight"":""1 kg"",""price"":54,""stock"":60},{""weight"":""2 kg"",""price"":105,""stock"":30}]"
"Green Bringle (हरा बैगन)","Vegetables",54,"1 kg",80,"https://images.unsplash.com/photo-1540420773420-3366772f4999?auto=format&fit=crop&w=600&q=80","100% farm-fresh Green Bringle (हरा बैगन) sourced daily from trusted local Bhopal & MP farmers. Graded for premium quality, crisp texture, and natural freshness.","Direct from Bhopal Krishi Mandi & local organic growers (Raisen / Sehore / Hoshangabad)","Keep in a cool, well-ventilated space or refrigerate. Wash thoroughly with clean water before use.","[{""weight"":""250g"",""price"":15,""stock"":40},{""weight"":""500g"",""price"":28,""stock"":50},{""weight"":""1 kg"",""price"":54,""stock"":60},{""weight"":""2 kg"",""price"":105,""stock"":30}]"
"Long Black Bringle (काले बैगन-लंबे)","Vegetables",54,"1 kg",80,"https://images.unsplash.com/photo-1540420773420-3366772f4999?auto=format&fit=crop&w=600&q=80","100% farm-fresh Long Black Bringle (काले बैगन-लंबे) sourced daily from trusted local Bhopal & MP farmers. Graded for premium quality, crisp texture, and natural freshness.","Direct from Bhopal Krishi Mandi & local organic growers (Raisen / Sehore / Hoshangabad)","Keep in a cool, well-ventilated space or refrigerate. Wash thoroughly with clean water before use.","[{""weight"":""250g"",""price"":15,""stock"":40},{""weight"":""500g"",""price"":28,""stock"":50},{""weight"":""1 kg"",""price"":54,""stock"":60},{""weight"":""2 kg"",""price"":105,""stock"":30}]"
"Bharta Bringle (भरता बैगन)","Vegetables",76,"1 kg",80,"https://images.unsplash.com/photo-1540420773420-3366772f4999?auto=format&fit=crop&w=600&q=80","100% farm-fresh Bharta Bringle (भरता बैगन) sourced daily from trusted local Bhopal & MP farmers. Graded for premium quality, crisp texture, and natural freshness.","Direct from Bhopal Krishi Mandi & local organic growers (Raisen / Sehore / Hoshangabad)","Keep in a cool, well-ventilated space or refrigerate. Wash thoroughly with clean water before use.","[{""weight"":""250g"",""price"":21,""stock"":40},{""weight"":""500g"",""price"":40,""stock"":50},{""weight"":""1 kg"",""price"":76,""stock"":60},{""weight"":""2 kg"",""price"":148,""stock"":30}]"
"Lady Finger (भिंडी )","Vegetables",68,"1 kg",80,"https://images.unsplash.com/photo-1540420773420-3366772f4999?auto=format&fit=crop&w=600&q=80","100% farm-fresh Lady Finger (भिंडी ) sourced daily from trusted local Bhopal & MP farmers. Graded for premium quality, crisp texture, and natural freshness.","Direct from Bhopal Krishi Mandi & local organic growers (Raisen / Sehore / Hoshangabad)","Keep in a cool, well-ventilated space or refrigerate. Wash thoroughly with clean water before use.","[{""weight"":""250g"",""price"":19,""stock"":40},{""weight"":""500g"",""price"":35,""stock"":50},{""weight"":""1 kg"",""price"":68,""stock"":60},{""weight"":""2 kg"",""price"":133,""stock"":30}]"
"Pumpkin (कद्दू)","Vegetables",44,"1 kg",80,"https://images.unsplash.com/photo-1506917728037-b6fb01c450a6?auto=format&fit=crop&w=600&q=80","100% farm-fresh Pumpkin (कद्दू) sourced daily from trusted local Bhopal & MP farmers. Graded for premium quality, crisp texture, and natural freshness.","Direct from Bhopal Krishi Mandi & local organic growers (Raisen / Sehore / Hoshangabad)","Keep in a cool, well-ventilated space or refrigerate. Wash thoroughly with clean water before use.","[{""weight"":""250g"",""price"":12,""stock"":40},{""weight"":""500g"",""price"":23,""stock"":50},{""weight"":""1 kg"",""price"":44,""stock"":60},{""weight"":""2 kg"",""price"":86,""stock"":30}]"
"Tinda (टिंडा)","Vegetables",98,"1 kg",80,"https://images.unsplash.com/photo-1540420773420-3366772f4999?auto=format&fit=crop&w=600&q=80","100% farm-fresh Tinda (टिंडा) sourced daily from trusted local Bhopal & MP farmers. Graded for premium quality, crisp texture, and natural freshness.","Direct from Bhopal Krishi Mandi & local organic growers (Raisen / Sehore / Hoshangabad)","Keep in a cool, well-ventilated space or refrigerate. Wash thoroughly with clean water before use.","[{""weight"":""250g"",""price"":27,""stock"":40},{""weight"":""500g"",""price"":51,""stock"":50},{""weight"":""1 kg"",""price"":98,""stock"":60},{""weight"":""2 kg"",""price"":191,""stock"":30}]"
"Cluster Beans (गवार फल्ली )","Vegetables",108,"1 kg",80,"https://images.unsplash.com/photo-1540420773420-3366772f4999?auto=format&fit=crop&w=600&q=80","100% farm-fresh Cluster Beans (गवार फल्ली ) sourced daily from trusted local Bhopal & MP farmers. Graded for premium quality, crisp texture, and natural freshness.","Direct from Bhopal Krishi Mandi & local organic growers (Raisen / Sehore / Hoshangabad)","Keep in a cool, well-ventilated space or refrigerate. Wash thoroughly with clean water before use.","[{""weight"":""250g"",""price"":30,""stock"":40},{""weight"":""500g"",""price"":56,""stock"":50},{""weight"":""1 kg"",""price"":108,""stock"":60},{""weight"":""2 kg"",""price"":211,""stock"":30}]"
"Sem (सेम)","Vegetables",98,"1 kg",80,"https://images.unsplash.com/photo-1540420773420-3366772f4999?auto=format&fit=crop&w=600&q=80","100% farm-fresh Sem (सेम) sourced daily from trusted local Bhopal & MP farmers. Graded for premium quality, crisp texture, and natural freshness.","Direct from Bhopal Krishi Mandi & local organic growers (Raisen / Sehore / Hoshangabad)","Keep in a cool, well-ventilated space or refrigerate. Wash thoroughly with clean water before use.","[{""weight"":""250g"",""price"":27,""stock"":40},{""weight"":""500g"",""price"":51,""stock"":50},{""weight"":""1 kg"",""price"":98,""stock"":60},{""weight"":""2 kg"",""price"":191,""stock"":30}]"
"Kundru (कुंदरू)","Vegetables",88,"1 kg",80,"https://images.unsplash.com/photo-1540420773420-3366772f4999?auto=format&fit=crop&w=600&q=80","100% farm-fresh Kundru (कुंदरू) sourced daily from trusted local Bhopal & MP farmers. Graded for premium quality, crisp texture, and natural freshness.","Direct from Bhopal Krishi Mandi & local organic growers (Raisen / Sehore / Hoshangabad)","Keep in a cool, well-ventilated space or refrigerate. Wash thoroughly with clean water before use.","[{""weight"":""250g"",""price"":25,""stock"":40},{""weight"":""500g"",""price"":46,""stock"":50},{""weight"":""1 kg"",""price"":88,""stock"":60},{""weight"":""2 kg"",""price"":172,""stock"":30}]"
"Kareli (करेली )","Vegetables",88,"1 kg",80,"https://images.unsplash.com/photo-1540420773420-3366772f4999?auto=format&fit=crop&w=600&q=80","100% farm-fresh Kareli (करेली ) sourced daily from trusted local Bhopal & MP farmers. Graded for premium quality, crisp texture, and natural freshness.","Direct from Bhopal Krishi Mandi & local organic growers (Raisen / Sehore / Hoshangabad)","Keep in a cool, well-ventilated space or refrigerate. Wash thoroughly with clean water before use.","[{""weight"":""250g"",""price"":25,""stock"":40},{""weight"":""500g"",""price"":46,""stock"":50},{""weight"":""1 kg"",""price"":88,""stock"":60},{""weight"":""2 kg"",""price"":172,""stock"":30}]"
"Parwal (परवल)","Vegetables",92,"1 kg",80,"https://images.unsplash.com/photo-1540420773420-3366772f4999?auto=format&fit=crop&w=600&q=80","100% farm-fresh Parwal (परवल) sourced daily from trusted local Bhopal & MP farmers. Graded for premium quality, crisp texture, and natural freshness.","Direct from Bhopal Krishi Mandi & local organic growers (Raisen / Sehore / Hoshangabad)","Keep in a cool, well-ventilated space or refrigerate. Wash thoroughly with clean water before use.","[{""weight"":""250g"",""price"":26,""stock"":40},{""weight"":""500g"",""price"":48,""stock"":50},{""weight"":""1 kg"",""price"":92,""stock"":60},{""weight"":""2 kg"",""price"":179,""stock"":30}]"
"Cucumber (खीरा/ककड़ी)","Vegetables",45,"1 kg",80,"https://images.unsplash.com/photo-1449300079323-02e209d9d3a6?auto=format&fit=crop&w=600&q=80","100% farm-fresh Cucumber (खीरा/ककड़ी) sourced daily from trusted local Bhopal & MP farmers. Graded for premium quality, crisp texture, and natural freshness.","Direct from Bhopal Krishi Mandi & local organic growers (Raisen / Sehore / Hoshangabad)","Keep in a cool, well-ventilated space or refrigerate. Wash thoroughly with clean water before use.","[{""weight"":""250g"",""price"":13,""stock"":40},{""weight"":""500g"",""price"":23,""stock"":50},{""weight"":""1 kg"",""price"":45,""stock"":60},{""weight"":""2 kg"",""price"":88,""stock"":30}]"
"Lemon (नीम्बू)","Vegetables",5,"1 kg",80,"https://images.unsplash.com/photo-1533082603893-a1c834889ec9?auto=format&fit=crop&w=600&q=80","100% farm-fresh Lemon (नीम्बू) sourced daily from trusted local Bhopal & MP farmers. Graded for premium quality, crisp texture, and natural freshness.","Direct from Bhopal Krishi Mandi & local organic growers (Raisen / Sehore / Hoshangabad)","Keep in a cool, well-ventilated space or refrigerate. Wash thoroughly with clean water before use.","[{""weight"":""250g"",""price"":1,""stock"":40},{""weight"":""500g"",""price"":3,""stock"":50},{""weight"":""1 kg"",""price"":5,""stock"":60},{""weight"":""2 kg"",""price"":10,""stock"":30}]"
"Arbi ( अरबी)","Vegetables",72,"1 kg",80,"https://images.unsplash.com/photo-1540420773420-3366772f4999?auto=format&fit=crop&w=600&q=80","100% farm-fresh Arbi ( अरबी) sourced daily from trusted local Bhopal & MP farmers. Graded for premium quality, crisp texture, and natural freshness.","Direct from Bhopal Krishi Mandi & local organic growers (Raisen / Sehore / Hoshangabad)","Keep in a cool, well-ventilated space or refrigerate. Wash thoroughly with clean water before use.","[{""weight"":""250g"",""price"":20,""stock"":40},{""weight"":""500g"",""price"":37,""stock"":50},{""weight"":""1 kg"",""price"":72,""stock"":60},{""weight"":""2 kg"",""price"":140,""stock"":30}]"
"Karela (करेला )","Vegetables",88,"1 kg",80,"https://images.unsplash.com/photo-1598170845058-32b9d6a5c317?auto=format&fit=crop&w=600&q=80","100% farm-fresh Karela (करेला ) sourced daily from trusted local Bhopal & MP farmers. Graded for premium quality, crisp texture, and natural freshness.","Direct from Bhopal Krishi Mandi & local organic growers (Raisen / Sehore / Hoshangabad)","Keep in a cool, well-ventilated space or refrigerate. Wash thoroughly with clean water before use.","[{""weight"":""250g"",""price"":25,""stock"":40},{""weight"":""500g"",""price"":46,""stock"":50},{""weight"":""1 kg"",""price"":88,""stock"":60},{""weight"":""2 kg"",""price"":172,""stock"":30}]"
"Drum Sticks (मूंगा फली )","Vegetables",146,"1 kg",80,"https://images.unsplash.com/photo-1540420773420-3366772f4999?auto=format&fit=crop&w=600&q=80","100% farm-fresh Drum Sticks (मूंगा फली ) sourced daily from trusted local Bhopal & MP farmers. Graded for premium quality, crisp texture, and natural freshness.","Direct from Bhopal Krishi Mandi & local organic growers (Raisen / Sehore / Hoshangabad)","Keep in a cool, well-ventilated space or refrigerate. Wash thoroughly with clean water before use.","[{""weight"":""250g"",""price"":41,""stock"":40},{""weight"":""500g"",""price"":76,""stock"":50},{""weight"":""1 kg"",""price"":146,""stock"":60},{""weight"":""2 kg"",""price"":285,""stock"":30}]"
"Beet Root (चुकंदर)","Vegetables",64,"1 kg",80,"https://images.unsplash.com/photo-1540420773420-3366772f4999?auto=format&fit=crop&w=600&q=80","100% farm-fresh Beet Root (चुकंदर) sourced daily from trusted local Bhopal & MP farmers. Graded for premium quality, crisp texture, and natural freshness.","Direct from Bhopal Krishi Mandi & local organic growers (Raisen / Sehore / Hoshangabad)","Keep in a cool, well-ventilated space or refrigerate. Wash thoroughly with clean water before use.","[{""weight"":""250g"",""price"":18,""stock"":40},{""weight"":""500g"",""price"":33,""stock"":50},{""weight"":""1 kg"",""price"":64,""stock"":60},{""weight"":""2 kg"",""price"":125,""stock"":30}]"
"beans (बीन्स)","Vegetables",140,"1 kg",80,"https://images.unsplash.com/photo-1540420773420-3366772f4999?auto=format&fit=crop&w=600&q=80","100% farm-fresh beans (बीन्स) sourced daily from trusted local Bhopal & MP farmers. Graded for premium quality, crisp texture, and natural freshness.","Direct from Bhopal Krishi Mandi & local organic growers (Raisen / Sehore / Hoshangabad)","Keep in a cool, well-ventilated space or refrigerate. Wash thoroughly with clean water before use.","[{""weight"":""250g"",""price"":39,""stock"":40},{""weight"":""500g"",""price"":73,""stock"":50},{""weight"":""1 kg"",""price"":140,""stock"":60},{""weight"":""2 kg"",""price"":273,""stock"":30}]"
"Barbati ( बरबटी)","Vegetables",72,"1 kg",80,"https://images.unsplash.com/photo-1540420773420-3366772f4999?auto=format&fit=crop&w=600&q=80","100% farm-fresh Barbati ( बरबटी) sourced daily from trusted local Bhopal & MP farmers. Graded for premium quality, crisp texture, and natural freshness.","Direct from Bhopal Krishi Mandi & local organic growers (Raisen / Sehore / Hoshangabad)","Keep in a cool, well-ventilated space or refrigerate. Wash thoroughly with clean water before use.","[{""weight"":""250g"",""price"":20,""stock"":40},{""weight"":""500g"",""price"":37,""stock"":50},{""weight"":""1 kg"",""price"":72,""stock"":60},{""weight"":""2 kg"",""price"":140,""stock"":30}]"
"Kakoda (देशी ककोड़ा)","Vegetables",220,"1 kg",80,"https://images.unsplash.com/photo-1540420773420-3366772f4999?auto=format&fit=crop&w=600&q=80","100% farm-fresh Kakoda (देशी ककोड़ा) sourced daily from trusted local Bhopal & MP farmers. Graded for premium quality, crisp texture, and natural freshness.","Direct from Bhopal Krishi Mandi & local organic growers (Raisen / Sehore / Hoshangabad)","Keep in a cool, well-ventilated space or refrigerate. Wash thoroughly with clean water before use.","[{""weight"":""250g"",""price"":62,""stock"":40},{""weight"":""500g"",""price"":114,""stock"":50},{""weight"":""1 kg"",""price"":220,""stock"":60},{""weight"":""2 kg"",""price"":429,""stock"":30}]"
"Kimia Dates (कीमिया खजूर)","Fruits",190,"1 kg",80,"https://images.unsplash.com/photo-1610832958506-aa56368176cf?auto=format&fit=crop&w=600&q=80","100% farm-fresh Kimia Dates (कीमिया खजूर) sourced daily from trusted local Bhopal & MP farmers. Graded for premium quality, crisp texture, and natural freshness.","Direct from Bhopal Krishi Mandi & local organic growers (Raisen / Sehore / Hoshangabad)","Keep in a cool, well-ventilated space or refrigerate. Wash thoroughly with clean water before use.","[{""weight"":""250g"",""price"":53,""stock"":40},{""weight"":""500g"",""price"":99,""stock"":50},{""weight"":""1 kg"",""price"":190,""stock"":60},{""weight"":""2 kg"",""price"":371,""stock"":30}]"
"Blueberry (ब्लूबेरी)","Fruits",330,"1 kg",80,"https://images.unsplash.com/photo-1610832958506-aa56368176cf?auto=format&fit=crop&w=600&q=80","100% farm-fresh Blueberry (ब्लूबेरी) sourced daily from trusted local Bhopal & MP farmers. Graded for premium quality, crisp texture, and natural freshness.","Direct from Bhopal Krishi Mandi & local organic growers (Raisen / Sehore / Hoshangabad)","Keep in a cool, well-ventilated space or refrigerate. Wash thoroughly with clean water before use.","[{""weight"":""250g"",""price"":92,""stock"":40},{""weight"":""500g"",""price"":172,""stock"":50},{""weight"":""1 kg"",""price"":330,""stock"":60},{""weight"":""2 kg"",""price"":644,""stock"":30}]"
"Apple Gala (गाला सेव)","Fruits",260,"1 kg",80,"https://images.unsplash.com/photo-1560806887-1e4cd0b6cbd6?auto=format&fit=crop&w=600&q=80","100% farm-fresh Apple Gala (गाला सेव) sourced daily from trusted local Bhopal & MP farmers. Graded for premium quality, crisp texture, and natural freshness.","Direct from Bhopal Krishi Mandi & local organic growers (Raisen / Sehore / Hoshangabad)","Keep in a cool, well-ventilated space or refrigerate. Wash thoroughly with clean water before use.","[{""weight"":""250g"",""price"":73,""stock"":40},{""weight"":""500g"",""price"":135,""stock"":50},{""weight"":""1 kg"",""price"":260,""stock"":60},{""weight"":""2 kg"",""price"":507,""stock"":30}]"
"Papaya (पपीता)","Fruits",86,"1 kg",80,"https://images.unsplash.com/photo-1517282009859-f000ec3b26fe?auto=format&fit=crop&w=600&q=80","100% farm-fresh Papaya (पपीता) sourced daily from trusted local Bhopal & MP farmers. Graded for premium quality, crisp texture, and natural freshness.","Direct from Bhopal Krishi Mandi & local organic growers (Raisen / Sehore / Hoshangabad)","Keep in a cool, well-ventilated space or refrigerate. Wash thoroughly with clean water before use.","[{""weight"":""250g"",""price"":24,""stock"":40},{""weight"":""500g"",""price"":45,""stock"":50},{""weight"":""1 kg"",""price"":86,""stock"":60},{""weight"":""2 kg"",""price"":168,""stock"":30}]"
"Banana (केला)","Fruits",76,"1 kg",80,"https://images.unsplash.com/photo-1571771894821-ce9b6c11b08e?auto=format&fit=crop&w=600&q=80","100% farm-fresh Banana (केला) sourced daily from trusted local Bhopal & MP farmers. Graded for premium quality, crisp texture, and natural freshness.","Direct from Bhopal Krishi Mandi & local organic growers (Raisen / Sehore / Hoshangabad)","Keep in a cool, well-ventilated space or refrigerate. Wash thoroughly with clean water before use.","[{""weight"":""250g"",""price"":21,""stock"":40},{""weight"":""500g"",""price"":40,""stock"":50},{""weight"":""1 kg"",""price"":76,""stock"":60},{""weight"":""2 kg"",""price"":148,""stock"":30}]"
"Pomegranate ( अनार)","Fruits",162,"1 kg",80,"https://images.unsplash.com/photo-1615485290382-441e4d049cb5?auto=format&fit=crop&w=600&q=80","100% farm-fresh Pomegranate ( अनार) sourced daily from trusted local Bhopal & MP farmers. Graded for premium quality, crisp texture, and natural freshness.","Direct from Bhopal Krishi Mandi & local organic growers (Raisen / Sehore / Hoshangabad)","Keep in a cool, well-ventilated space or refrigerate. Wash thoroughly with clean water before use.","[{""weight"":""250g"",""price"":45,""stock"":40},{""weight"":""500g"",""price"":84,""stock"":50},{""weight"":""1 kg"",""price"":162,""stock"":60},{""weight"":""2 kg"",""price"":316,""stock"":30}]"
"Mosambi (मोसंबी)","Fruits",108,"1 kg",80,"https://images.unsplash.com/photo-1610832958506-aa56368176cf?auto=format&fit=crop&w=600&q=80","100% farm-fresh Mosambi (मोसंबी) sourced daily from trusted local Bhopal & MP farmers. Graded for premium quality, crisp texture, and natural freshness.","Direct from Bhopal Krishi Mandi & local organic growers (Raisen / Sehore / Hoshangabad)","Keep in a cool, well-ventilated space or refrigerate. Wash thoroughly with clean water before use.","[{""weight"":""250g"",""price"":30,""stock"":40},{""weight"":""500g"",""price"":56,""stock"":50},{""weight"":""1 kg"",""price"":108,""stock"":60},{""weight"":""2 kg"",""price"":211,""stock"":30}]"
"Pineapple (अनानास)","Fruits",94,"1 kg",80,"https://images.unsplash.com/photo-1560806887-1e4cd0b6cbd6?auto=format&fit=crop&w=600&q=80","100% farm-fresh Pineapple (अनानास) sourced daily from trusted local Bhopal & MP farmers. Graded for premium quality, crisp texture, and natural freshness.","Direct from Bhopal Krishi Mandi & local organic growers (Raisen / Sehore / Hoshangabad)","Keep in a cool, well-ventilated space or refrigerate. Wash thoroughly with clean water before use.","[{""weight"":""250g"",""price"":26,""stock"":40},{""weight"":""500g"",""price"":49,""stock"":50},{""weight"":""1 kg"",""price"":94,""stock"":60},{""weight"":""2 kg"",""price"":183,""stock"":30}]"
"Kiwi (कीवी)","Fruits",160,"1 kg",80,"https://images.unsplash.com/photo-1610832958506-aa56368176cf?auto=format&fit=crop&w=600&q=80","100% farm-fresh Kiwi (कीवी) sourced daily from trusted local Bhopal & MP farmers. Graded for premium quality, crisp texture, and natural freshness.","Direct from Bhopal Krishi Mandi & local organic growers (Raisen / Sehore / Hoshangabad)","Keep in a cool, well-ventilated space or refrigerate. Wash thoroughly with clean water before use.","[{""weight"":""250g"",""price"":45,""stock"":40},{""weight"":""500g"",""price"":83,""stock"":50},{""weight"":""1 kg"",""price"":160,""stock"":60},{""weight"":""2 kg"",""price"":312,""stock"":30}]"
"Dragon fruit (ड्रैगन फ्रूट)","Fruits",134,"1 kg",80,"https://images.unsplash.com/photo-1610832958506-aa56368176cf?auto=format&fit=crop&w=600&q=80","100% farm-fresh Dragon fruit (ड्रैगन फ्रूट) sourced daily from trusted local Bhopal & MP farmers. Graded for premium quality, crisp texture, and natural freshness.","Direct from Bhopal Krishi Mandi & local organic growers (Raisen / Sehore / Hoshangabad)","Keep in a cool, well-ventilated space or refrigerate. Wash thoroughly with clean water before use.","[{""weight"":""250g"",""price"":38,""stock"":40},{""weight"":""500g"",""price"":70,""stock"":50},{""weight"":""1 kg"",""price"":134,""stock"":60},{""weight"":""2 kg"",""price"":261,""stock"":30}]"
"Imported Avacado (एवोकाडो)","Exotics",180,"1 kg",80,"https://images.unsplash.com/photo-1584270354949-c26b0d5b4a0c?auto=format&fit=crop&w=600&q=80","100% farm-fresh Imported Avacado (एवोकाडो) sourced daily from trusted local Bhopal & MP farmers. Graded for premium quality, crisp texture, and natural freshness.","Direct from Bhopal Krishi Mandi & local organic growers (Raisen / Sehore / Hoshangabad)","Keep in a cool, well-ventilated space or refrigerate. Wash thoroughly with clean water before use.","[{""weight"":""250g"",""price"":50,""stock"":40},{""weight"":""500g"",""price"":94,""stock"":50},{""weight"":""1 kg"",""price"":180,""stock"":60},{""weight"":""2 kg"",""price"":351,""stock"":30}]"
"Sweet Corn (स्वीट कॉर्न)","Exotics",45,"1 kg",80,"https://images.unsplash.com/photo-1584270354949-c26b0d5b4a0c?auto=format&fit=crop&w=600&q=80","100% farm-fresh Sweet Corn (स्वीट कॉर्न) sourced daily from trusted local Bhopal & MP farmers. Graded for premium quality, crisp texture, and natural freshness.","Direct from Bhopal Krishi Mandi & local organic growers (Raisen / Sehore / Hoshangabad)","Keep in a cool, well-ventilated space or refrigerate. Wash thoroughly with clean water before use.","[{""weight"":""250g"",""price"":13,""stock"":40},{""weight"":""500g"",""price"":23,""stock"":50},{""weight"":""1 kg"",""price"":45,""stock"":60},{""weight"":""2 kg"",""price"":88,""stock"":30}]"
"Broccoli (ब्रोकॉली)","Exotics",380,"1 kg",80,"https://images.unsplash.com/photo-1584270354949-c26b0d5b4a0c?auto=format&fit=crop&w=600&q=80","100% farm-fresh Broccoli (ब्रोकॉली) sourced daily from trusted local Bhopal & MP farmers. Graded for premium quality, crisp texture, and natural freshness.","Direct from Bhopal Krishi Mandi & local organic growers (Raisen / Sehore / Hoshangabad)","Keep in a cool, well-ventilated space or refrigerate. Wash thoroughly with clean water before use.","[{""weight"":""250g"",""price"":106,""stock"":40},{""weight"":""500g"",""price"":198,""stock"":50},{""weight"":""1 kg"",""price"":380,""stock"":60},{""weight"":""2 kg"",""price"":741,""stock"":30}]"
"Mushroom (मशरूम)","Exotics",54,"1 kg",80,"https://images.unsplash.com/photo-1504544750208-dc0358e63f7f?auto=format&fit=crop&w=600&q=80","100% farm-fresh Mushroom (मशरूम) sourced daily from trusted local Bhopal & MP farmers. Graded for premium quality, crisp texture, and natural freshness.","Direct from Bhopal Krishi Mandi & local organic growers (Raisen / Sehore / Hoshangabad)","Keep in a cool, well-ventilated space or refrigerate. Wash thoroughly with clean water before use.","[{""weight"":""250g"",""price"":15,""stock"":40},{""weight"":""500g"",""price"":28,""stock"":50},{""weight"":""1 kg"",""price"":54,""stock"":60},{""weight"":""2 kg"",""price"":105,""stock"":30}]"
"Baby Corn (बेबी कॉर्न)","Exotics",41,"1 kg",80,"https://images.unsplash.com/photo-1584270354949-c26b0d5b4a0c?auto=format&fit=crop&w=600&q=80","100% farm-fresh Baby Corn (बेबी कॉर्न) sourced daily from trusted local Bhopal & MP farmers. Graded for premium quality, crisp texture, and natural freshness.","Direct from Bhopal Krishi Mandi & local organic growers (Raisen / Sehore / Hoshangabad)","Keep in a cool, well-ventilated space or refrigerate. Wash thoroughly with clean water before use.","[{""weight"":""250g"",""price"":11,""stock"":40},{""weight"":""500g"",""price"":21,""stock"":50},{""weight"":""1 kg"",""price"":41,""stock"":60},{""weight"":""2 kg"",""price"":80,""stock"":30}]"
"Red Capsicum (लाल शिमला मिर्च)","Exotics",420,"1 kg",80,"https://images.unsplash.com/photo-1563565375-f3fdfdbefa83?auto=format&fit=crop&w=600&q=80","100% farm-fresh Red Capsicum (लाल शिमला मिर्च) sourced daily from trusted local Bhopal & MP farmers. Graded for premium quality, crisp texture, and natural freshness.","Direct from Bhopal Krishi Mandi & local organic growers (Raisen / Sehore / Hoshangabad)","Keep in a cool, well-ventilated space or refrigerate. Wash thoroughly with clean water before use.","[{""weight"":""250g"",""price"":118,""stock"":40},{""weight"":""500g"",""price"":218,""stock"":50},{""weight"":""1 kg"",""price"":420,""stock"":60},{""weight"":""2 kg"",""price"":819,""stock"":30}]"
"Yellow Capsicum (पीली शिमला मिर्च)","Exotics",420,"1 kg",80,"https://images.unsplash.com/photo-1563565375-f3fdfdbefa83?auto=format&fit=crop&w=600&q=80","100% farm-fresh Yellow Capsicum (पीली शिमला मिर्च) sourced daily from trusted local Bhopal & MP farmers. Graded for premium quality, crisp texture, and natural freshness.","Direct from Bhopal Krishi Mandi & local organic growers (Raisen / Sehore / Hoshangabad)","Keep in a cool, well-ventilated space or refrigerate. Wash thoroughly with clean water before use.","[{""weight"":""250g"",""price"":118,""stock"":40},{""weight"":""500g"",""price"":218,""stock"":50},{""weight"":""1 kg"",""price"":420,""stock"":60},{""weight"":""2 kg"",""price"":819,""stock"":30}]"
"Green Zucchini (Zucchini)","Exotics",210,"1 kg",80,"https://images.unsplash.com/photo-1584270354949-c26b0d5b4a0c?auto=format&fit=crop&w=600&q=80","100% farm-fresh Green Zucchini (Zucchini) sourced daily from trusted local Bhopal & MP farmers. Graded for premium quality, crisp texture, and natural freshness.","Direct from Bhopal Krishi Mandi & local organic growers (Raisen / Sehore / Hoshangabad)","Keep in a cool, well-ventilated space or refrigerate. Wash thoroughly with clean water before use.","[{""weight"":""250g"",""price"":59,""stock"":40},{""weight"":""500g"",""price"":109,""stock"":50},{""weight"":""1 kg"",""price"":210,""stock"":60},{""weight"":""2 kg"",""price"":410,""stock"":30}]"
"Yellow Zucchini (Zucchini)","Exotics",210,"1 kg",80,"https://images.unsplash.com/photo-1584270354949-c26b0d5b4a0c?auto=format&fit=crop&w=600&q=80","100% farm-fresh Yellow Zucchini (Zucchini) sourced daily from trusted local Bhopal & MP farmers. Graded for premium quality, crisp texture, and natural freshness.","Direct from Bhopal Krishi Mandi & local organic growers (Raisen / Sehore / Hoshangabad)","Keep in a cool, well-ventilated space or refrigerate. Wash thoroughly with clean water before use.","[{""weight"":""250g"",""price"":59,""stock"":40},{""weight"":""500g"",""price"":109,""stock"":50},{""weight"":""1 kg"",""price"":210,""stock"":60},{""weight"":""2 kg"",""price"":410,""stock"":30}]"
"Mix sprouts (moong- chana) (अंकरित (मुंग -चना)-100 gm)","Exotics",14,"1 kg",80,"https://images.unsplash.com/photo-1584270354949-c26b0d5b4a0c?auto=format&fit=crop&w=600&q=80","100% farm-fresh Mix sprouts (moong- chana) (अंकरित (मुंग -चना)-100 gm) sourced daily from trusted local Bhopal & MP farmers. Graded for premium quality, crisp texture, and natural freshness.","Direct from Bhopal Krishi Mandi & local organic growers (Raisen / Sehore / Hoshangabad)","Keep in a cool, well-ventilated space or refrigerate. Wash thoroughly with clean water before use.","[{""weight"":""250g"",""price"":4,""stock"":40},{""weight"":""500g"",""price"":7,""stock"":50},{""weight"":""1 kg"",""price"":14,""stock"":60},{""weight"":""2 kg"",""price"":27,""stock"":30}]"
"Paneer (पनीर )","Dairy & Staples",386,"1 kg",80,"https://images.unsplash.com/photo-1631452180519-c014fe946bc7?auto=format&fit=crop&w=600&q=80","100% farm-fresh Paneer (पनीर ) sourced daily from trusted local Bhopal & MP farmers. Graded for premium quality, crisp texture, and natural freshness.","Direct from Bhopal Krishi Mandi & local organic growers (Raisen / Sehore / Hoshangabad)","Keep in a cool, well-ventilated space or refrigerate. Wash thoroughly with clean water before use.","[{""weight"":""250g"",""price"":108,""stock"":40},{""weight"":""500g"",""price"":201,""stock"":50},{""weight"":""1 kg"",""price"":386,""stock"":60},{""weight"":""2 kg"",""price"":753,""stock"":30}]"
"Mawa / khoya (मावा / खोया )","Dairy & Staples",330,"1 kg",80,"https://images.unsplash.com/photo-1550583724-b2692b85b150?auto=format&fit=crop&w=600&q=80","100% farm-fresh Mawa / khoya (मावा / खोया ) sourced daily from trusted local Bhopal & MP farmers. Graded for premium quality, crisp texture, and natural freshness.","Direct from Bhopal Krishi Mandi & local organic growers (Raisen / Sehore / Hoshangabad)","Keep in a cool, well-ventilated space or refrigerate. Wash thoroughly with clean water before use.","[{""weight"":""250g"",""price"":92,""stock"":40},{""weight"":""500g"",""price"":172,""stock"":50},{""weight"":""1 kg"",""price"":330,""stock"":60},{""weight"":""2 kg"",""price"":644,""stock"":30}]"
"Buffalo Desi Ghee (देसी घी (भैंस))","Dairy & Staples",749,"1 kg",80,"https://images.unsplash.com/photo-1589985270826-4b7bb135bc9d?auto=format&fit=crop&w=600&q=80","100% farm-fresh Buffalo Desi Ghee (देसी घी (भैंस)) sourced daily from trusted local Bhopal & MP farmers. Graded for premium quality, crisp texture, and natural freshness.","Direct from Bhopal Krishi Mandi & local organic growers (Raisen / Sehore / Hoshangabad)","Keep in a cool, well-ventilated space or refrigerate. Wash thoroughly with clean water before use.","[{""weight"":""250g"",""price"":210,""stock"":40},{""weight"":""500g"",""price"":389,""stock"":50},{""weight"":""1 kg"",""price"":749,""stock"":60},{""weight"":""2 kg"",""price"":1461,""stock"":30}]"
"Cow Deshi Ghee (देशी घी (गाय))","Dairy & Staples",849,"1 kg",80,"https://images.unsplash.com/photo-1589985270826-4b7bb135bc9d?auto=format&fit=crop&w=600&q=80","100% farm-fresh Cow Deshi Ghee (देशी घी (गाय)) sourced daily from trusted local Bhopal & MP farmers. Graded for premium quality, crisp texture, and natural freshness.","Direct from Bhopal Krishi Mandi & local organic growers (Raisen / Sehore / Hoshangabad)","Keep in a cool, well-ventilated space or refrigerate. Wash thoroughly with clean water before use.","[{""weight"":""250g"",""price"":238,""stock"":40},{""weight"":""500g"",""price"":441,""stock"":50},{""weight"":""1 kg"",""price"":849,""stock"":60},{""weight"":""2 kg"",""price"":1656,""stock"":30}]"